









INSERT INTO user (id, name, email, email_verified, image, created_at, updated_at, role, banned, ban_reason, ban_expires, username, phone, whatsapp, date_of_birth, address, record_label, social_media, bank_details, settings, api_class, thumbnail, profile_picture, header_background, first_name, last_name, gender) VALUES ('BFBr0eWe7jWr765BPfv95CrFi2wqUDrS', 'Favour Ijinda', 'favourijinda2000@gmail.com', 1, NULL, '2026-02-10 18:15:49.671', '2026-02-10 18:30:01.945', 'manager', 0, NULL, NULL, 'favour', '', '', NULL, '', 'mstudios', NULL, NULL, NULL, '5', NULL, NULL, NULL, NULL, NULL, NULL);
INSERT INTO user (id, name, email, email_verified, image, created_at, updated_at, role, banned, ban_reason, ban_expires, username, phone, whatsapp, date_of_birth, address, record_label, social_media, bank_details, settings, api_class, thumbnail, profile_picture, header_background, first_name, last_name, gender) VALUES ('YjYTKjktVJCIVBRDgqBUCXmYFfu46I1P', 'Reginald Richmen', 'onetv.ng@gmail.com', 1, '/uploads/renny/profile/1770749495650.jpeg', '2026-02-09 06:05:00.51', '2026-02-10 18:52:01.585', 'admin', 0, NULL, NULL, 'renny', '+2348055787878', '+2348055787878', '1972-11-26', '16 Market Road jP crescent\nRumuosi Ozuoba link Road', 'mStudios', '{"facebook":"@1Radio.Oguta","instagram":"@rrichmen","twitter":"@rrichy","tiktok":"","youtube":"","spotify":"","appleMusic":""}', '{"bankName":"Access","accountNumber":"Mallam@24","accountName":"Reginald Richmen","sortCode":"8378957897","swiftCode":"GGDGDS","paypalEmail":"dev@imediaport.com"}', NULL, '5', NULL, NULL, NULL, NULL, NULL, NULL);
INSERT INTO user (id, name, email, email_verified, image, created_at, updated_at, role, banned, ban_reason, ban_expires, username, phone, whatsapp, date_of_birth, address, record_label, social_media, bank_details, settings, api_class, thumbnail, profile_picture, header_background, first_name, last_name, gender) VALUES ('1rcUFOtqQXE4ydZ8SLd81OCiyBaq9rEE', 'Jessy Richmen', 'jessy@1tv.ng', 1, '/uploads/jesse/profile/1770708719387.png', '2026-02-09 14:40:12.509', '2026-02-10 08:03:04.058', 'user', 0, NULL, NULL, 'jesse', '+2348055787878', '+2348055787878', '1972-11-26', '16 JP Cresent Rumosi', 'Kaycee records', '{"facebook":"@rrichmen","instagram":"@site_man","twitter":"@rrichmen","tiktok":"","youtube":"","spotify":"","appleMusic":""}', '{"bankName":"AccessBank","accountNumber":"Mallam@24","accountName":"Reginald Rchmen","sortCode":"5875894","swiftCode":"GDSFTSHGS","paypalEmail":"onetv.ng@gmail.com"}', NULL, '5', '/uploads/jesse/thumbnail/1770710570393.jpg', NULL, '/uploads/jesse/header/1770710580585.jpg', NULL, NULL, NULL);
INSERT INTO user (id, name, email, email_verified, image, created_at, updated_at, role, banned, ban_reason, ban_expires, username, phone, whatsapp, date_of_birth, address, record_label, social_media, bank_details, settings, api_class, thumbnail, profile_picture, header_background, first_name, last_name, gender) VALUES ('tZ6mqVcXsFaoFjHj9NdGXoaNm5enhH92', 'Reginald Richmen', 'mstudios.me@gmail.com', 1, '/uploads/mstudios/profile/1770671923225.jpg', '2026-02-09 14:23:58.992', '2026-02-10 14:21:28.336', 'user', 0, NULL, NULL, 'mstudios', '+2348055787878', '+2348055787878', '1972-11-26', '16 Market Road jP crescent\nRumuosi Ozuoba link Road', 'mStudios', '{"facebook":"@1Radio.Oguta","instagram":"@rrichmen","twitter":"@rrichy","tiktok":"@Richmen","youtube":"@onetvliveng","spotify":"@reginaldRichuy","appleMusic":"@emi F Moto"}', '{"bankName":"Access","accountNumber":"Mallam@24","accountName":"Reginald Richmen","sortCode":"8378957897","swiftCode":"GGDGDS","paypalEmail":"dr.el@me.com"}', NULL, '5', '/uploads/mstudios/thumbnail/1770733285755.jpg', NULL, '/uploads/mstudios/header/1770673810596.jpg', NULL, NULL, NULL);






INSERT INTO account (id, account_id, provider_id, user_id, access_token, refresh_token, id_token, access_token_expires_at, refresh_token_expires_at, scope, password, created_at, updated_at) VALUES ('yyasVDZZXoBlWtWyAzlFeFFacsObIALT', 'YjYTKjktVJCIVBRDgqBUCXmYFfu46I1P', 'credential', 'YjYTKjktVJCIVBRDgqBUCXmYFfu46I1P', NULL, NULL, NULL, NULL, NULL, NULL, '1df1c946f2a63b3332ba6b2972bf4c07:ad997aa7f236f1c2d27ae862cbcb45e8f0951955773e923f7ebebd375c0f546d7bb85a617f0b26c77d8606e7c004110dae5e3c34dca447bc804fe6fe0278c858', '2026-02-09 06:05:00.543', '2026-02-09 06:05:00.543');
INSERT INTO account (id, account_id, provider_id, user_id, access_token, refresh_token, id_token, access_token_expires_at, refresh_token_expires_at, scope, password, created_at, updated_at) VALUES ('dD5UPNUQUAwnkCnuocwDm072uEWKp6IH', 'tZ6mqVcXsFaoFjHj9NdGXoaNm5enhH92', 'credential', 'tZ6mqVcXsFaoFjHj9NdGXoaNm5enhH92', NULL, NULL, NULL, NULL, NULL, NULL, '288962ddb542b7a2b948e580431e2490:384e14aed1101350d6724c3148f4e5b142602349ed5bbb84cede5f064de7172426ddae79d41058b4cf8a12f733e06b66564285291138986df3bcc7165b339f3f', '2026-02-09 14:23:58.999', '2026-02-09 14:23:58.999');
INSERT INTO account (id, account_id, provider_id, user_id, access_token, refresh_token, id_token, access_token_expires_at, refresh_token_expires_at, scope, password, created_at, updated_at) VALUES ('eGH0p5zvGjbWFQAG6rM2HI289VpBbOYw', '1rcUFOtqQXE4ydZ8SLd81OCiyBaq9rEE', 'credential', '1rcUFOtqQXE4ydZ8SLd81OCiyBaq9rEE', NULL, NULL, NULL, NULL, NULL, NULL, '6e379fe81535c663f483c28186e57a17:782a9cb0abc2c10d468e59b998c52e1e2b46d81bba42971a311a972bec9d43ddb4403508ddbfe2dae9a59b8c1d71edd595f288d4c6a87273c525b28eb922b644', '2026-02-09 14:40:12.517', '2026-02-09 14:40:12.517');
INSERT INTO account (id, account_id, provider_id, user_id, access_token, refresh_token, id_token, access_token_expires_at, refresh_token_expires_at, scope, password, created_at, updated_at) VALUES ('OJQry83uZEVLOHEZwxE8WHYbi8cXUJ3X', 'BFBr0eWe7jWr765BPfv95CrFi2wqUDrS', 'credential', 'BFBr0eWe7jWr765BPfv95CrFi2wqUDrS', NULL, NULL, NULL, NULL, NULL, NULL, 'c2a1673bbcd280454c004b10a0e4eb46:8c4ab44a2a453bbc93b5105bd8632ade1ef48a574b664c12f717a1e20139c2c381a1de1940853d9643d784a6d1b998e31e8f51558f759911f95d994df6c16f8b', '2026-02-10 18:15:58.33', '2026-02-10 18:15:58.33');
























INSERT INTO artists (id, user_id, artist_name, display_name, slug, bio, city, country, birthday, gender, genre, contact, legal_id, contract, is_active, created_at, updated_at, record_label) VALUES ('a3602f84-6b6b-4334-bf24-8b7d1383e37e', 'tZ6mqVcXsFaoFjHj9NdGXoaNm5enhH92', 'Emi F Moto', 'Emi F. Moto', 'emi-f-moto', 'The street prophet', 'Port Harcourt', 'Nigeria', NULL, 'male', 'pop', NULL, NULL, NULL, 1, '2026-02-10 12:57:37.347', '2026-02-10 12:57:37.347', 'mStudios');
INSERT INTO artists (id, user_id, artist_name, display_name, slug, bio, city, country, birthday, gender, genre, contact, legal_id, contract, is_active, created_at, updated_at, record_label) VALUES ('f68a464b-f2ba-406f-a210-93ae31326dd2', 'YjYTKjktVJCIVBRDgqBUCXmYFfu46I1P', 'Dr El Hassan', 'Dr. EL Hassan', 'dr-el-hassan', 'The Messanger', 'Port Harcourt', 'Nigeria', NULL, 'male', 'pop', NULL, NULL, NULL, 1, '2026-02-10 18:56:04.734', '2026-02-10 18:56:04.734', 'mStudios');






INSERT INTO artist_profiles (id, picture, thumbnails, gallery, media_platform, social_media, fan_news, is_public, is_verified, total_songs, total_plays, total_followers, created_at, updated_at, artist_id, press, is_featured) VALUES ('a1a691e9-16ca-4e54-a6ba-5ed3dc89d2a1', NULL, NULL, NULL, NULL, NULL, NULL, 1, 0, '0', '0', '0', '2026-02-10 12:57:37.363', '2026-02-10 12:57:37.363', 'a3602f84-6b6b-4334-bf24-8b7d1383e37e', NULL, 0);
INSERT INTO artist_profiles (id, picture, thumbnails, gallery, media_platform, social_media, fan_news, is_public, is_verified, total_songs, total_plays, total_followers, created_at, updated_at, artist_id, press, is_featured) VALUES ('83bbf228-9b9c-4bae-97f9-cc2cbf50b2f6', NULL, NULL, NULL, NULL, NULL, NULL, 1, 0, '0', '0', '0', '2026-02-10 18:56:04.751', '2026-02-10 18:56:04.751', 'f68a464b-f2ba-406f-a210-93ae31326dd2', NULL, 0);
























INSERT INTO session (id, expires_at, token, created_at, updated_at, ip_address, user_agent, user_id, impersonated_by) VALUES ('f2n97NR7A2NBw4M7Jj1qnfVlsLSC4qVY', '2026-02-16 20:28:19.923', 'pxBcMzSAc3GMgp1IlvIGvTuXaVH3FnH5', '2026-02-09 20:28:19.929', '2026-02-09 20:28:19.929', '', '', '1rcUFOtqQXE4ydZ8SLd81OCiyBaq9rEE', NULL);
INSERT INTO session (id, expires_at, token, created_at, updated_at, ip_address, user_agent, user_id, impersonated_by) VALUES ('2gxeO9M9ChFyQfo32ehtPhWbWU7hwbV2', '2026-02-17 02:33:59.271', 'rH8GcwNcZhiW8AHUCYTZ7AuMc2UG0Bpt', '2026-02-10 02:33:59.279', '2026-02-10 02:33:59.279', '', '', '1rcUFOtqQXE4ydZ8SLd81OCiyBaq9rEE', NULL);
INSERT INTO session (id, expires_at, token, created_at, updated_at, ip_address, user_agent, user_id, impersonated_by) VALUES ('F1Uoi5njdGPIiwBNzBKDM3iLuD6yNacK', '2026-02-17 18:08:14.64', '7DU2gy565cew23Lp24Idf3uSEIIGeSXP', '2026-02-10 18:08:14.652', '2026-02-10 18:08:14.652', '127.0.0.1', 'curl/8.5.0', 'YjYTKjktVJCIVBRDgqBUCXmYFfu46I1P', NULL);
INSERT INTO session (id, expires_at, token, created_at, updated_at, ip_address, user_agent, user_id, impersonated_by) VALUES ('Ch5eVfZXKon4Wg17DJhO99D0S6Hei87W', '2026-02-17 18:10:36.295', 'CXAV7abq2cyv6QuhNhaaMneSnKtqIrg5', '2026-02-10 18:10:36.301', '2026-02-10 18:10:36.301', '', '', 'YjYTKjktVJCIVBRDgqBUCXmYFfu46I1P', NULL);












INSERT INTO user_profiles (id, user_id, username, firstname, lastname, bio, language, platform, socials, preferences, metadata, created_at, updated_at, selected_artist_id) VALUES ('2d1dbd5c-cf5b-4948-83b5-06c0ef11f170', '1rcUFOtqQXE4ydZ8SLd81OCiyBaq9rEE', NULL, 'Jessy', 'Richmen', NULL, 'en', 'web', NULL, NULL, '{"gender": "male", "ref_code": null, "registered_at": "2026-02-09T14:40:16.199Z"}', '2026-02-09 15:40:16.202944', '2026-02-09 15:40:16.202944', NULL);
INSERT INTO user_profiles (id, user_id, username, firstname, lastname, bio, language, platform, socials, preferences, metadata, created_at, updated_at, selected_artist_id) VALUES ('1a6c9ad8-a573-4451-b720-55db1bc6aa58', 'tZ6mqVcXsFaoFjHj9NdGXoaNm5enhH92', NULL, 'Reginald', 'Richmen', NULL, 'en', 'web', NULL, NULL, '{"gender": "male", "ref_code": null, "registered_at": "2026-02-09T14:24:00.085Z"}', '2026-02-09 15:24:00.088494', '2026-02-10 17:06:22.532', 'a3602f84-6b6b-4334-bf24-8b7d1383e37e');
INSERT INTO user_profiles (id, user_id, username, firstname, lastname, bio, language, platform, socials, preferences, metadata, created_at, updated_at, selected_artist_id) VALUES ('319bb476-5725-4177-b24f-c57e6f4168fb', 'YjYTKjktVJCIVBRDgqBUCXmYFfu46I1P', NULL, NULL, NULL, NULL, 'en', 'web', NULL, NULL, NULL, '2026-02-10 18:56:04.795', '2026-02-10 18:56:22.834', 'f68a464b-f2ba-406f-a210-93ae31326dd2');






INSERT INTO user_verification (id, user_id, status, submitted_at, processed_at, verified_at, remark, rejection_reason, flag_reason, reviewed_by, government_id_url, signature_url, completion_percentage, created_at, updated_at) VALUES ('eda53e5c-e5ea-444e-a6c1-1098f37566e0', '1rcUFOtqQXE4ydZ8SLd81OCiyBaq9rEE', 'verified', '2026-02-10 08:36:44.164', NULL, '2026-02-10 18:12:42.074', NULL, NULL, NULL, 'YjYTKjktVJCIVBRDgqBUCXmYFfu46I1P', '/uploads/jesse/governmentid/1770707748422.jpeg', '/uploads/jesse/signature/1770707742903.png', '0', '2026-02-10 07:15:53.312', '2026-02-10 18:12:42.074');
INSERT INTO user_verification (id, user_id, status, submitted_at, processed_at, verified_at, remark, rejection_reason, flag_reason, reviewed_by, government_id_url, signature_url, completion_percentage, created_at, updated_at) VALUES ('3ae5b896-b2dc-4e3f-a172-38c1209ef1c6', 'tZ6mqVcXsFaoFjHj9NdGXoaNm5enhH92', 'verified', '2026-02-10 12:11:57.131', NULL, '2026-02-10 18:14:18.661', NULL, NULL, NULL, 'YjYTKjktVJCIVBRDgqBUCXmYFfu46I1P', '/uploads/mstudios/governmentid/1770725495353.jpeg', '/uploads/mstudios/signature/1770725501826.png', '0', '2026-02-10 12:11:44.099', '2026-02-10 18:14:18.661');
INSERT INTO user_verification (id, user_id, status, submitted_at, processed_at, verified_at, remark, rejection_reason, flag_reason, reviewed_by, government_id_url, signature_url, completion_percentage, created_at, updated_at) VALUES ('8ff613ab-ecb1-4df8-859e-b03aecdbe9a9', 'YjYTKjktVJCIVBRDgqBUCXmYFfu46I1P', 'verified', '2026-02-10 18:52:19.892', NULL, '2026-02-10 18:54:01.436', NULL, NULL, NULL, 'YjYTKjktVJCIVBRDgqBUCXmYFfu46I1P', '/uploads/renny/governmentid/1770749515864.jpeg', '/uploads/renny/signature/1770749509173.png', '0', '2026-02-10 18:49:49.697', '2026-02-10 18:54:01.436');






INSERT INTO verification (id, identifier, value, expires_at, created_at, updated_at, type) VALUES ('d59oMOuYxhKvlBlfdYdPI1InLnm40Xqx', 'ceeCClbPCvV9ibbjl3a_XnezD76j2ICc', '{"callbackURL":"/dashboard","codeVerifier":"VEaeFK_2R4Dsn27hWmP9Gi_DCtnGgwK8woboLphrRIuTGNvjaNJDJXjqVICetGcpM-Bpw6Kv07rC1-ZpJp4zE75bDeGdwwXjYAJsBjNXHsj-Ynjsvr_yRNq9r9oq-dFI","expiresAt":1770617992284}', '2026-02-09 06:19:52.294', '2026-02-09 06:09:52.295', '2026-02-09 06:09:52.295', NULL);
INSERT INTO verification (id, identifier, value, expires_at, created_at, updated_at, type) VALUES ('49cd8d05-afc2-469d-b5f8-b0a5d888b35f', 'mstudios.me@gmail.com', '359519', '2026-02-09 14:44:13.007', '2026-02-09 14:34:13.007', '2026-02-09 14:34:13.007', 'pin-verification');
INSERT INTO verification (id, identifier, value, expires_at, created_at, updated_at, type) VALUES ('6411a8cb-4d7b-4c03-a1a2-7abe7ed7ff03', 'jessy@1tv.ng', '855726', '2026-02-09 18:27:41.594', '2026-02-09 18:17:41.598', '2026-02-09 18:17:41.598', 'pin-verification');
INSERT INTO verification (id, identifier, value, expires_at, created_at, updated_at, type) VALUES ('o2lfbi7fkUetR6rs8IVYJU87cs3rkUl1', 'fYETyvHN52p3mhCNfPPAs5ZbVwcMogwS', '{"callbackURL":"/dashboard","codeVerifier":"yTotAuMgJK23BxOdrNcQY5c5UB5ElA2oebyJlAcaCOLTLFp4EOdbwt0XnYXjc2ySQ2D-yx_fsqLswSHLPr010qcK_1-DHOgq2Sd1E4xJlBcr4iHdh7Xc2d1Dd-27E8ZG","expiresAt":1770673223641}', '2026-02-09 21:40:23.651', '2026-02-09 21:30:23.652', '2026-02-09 21:30:23.652', NULL);








